{
    "label": "gradient",
    "type": 3,
    "type_string": "Color gradient",
    "value": [
        {
            "color": [
                0.2235294133424759,
                0.3019607961177826,
                0.20000000298023224,
                1.0
            ],
            "position": 0.0
        },
        {
            "color": [
                0.4274509847164154,
                0.5137255191802979,
                0.3686274588108063,
                1.0
            ],
            "position": 0.3333333432674408
        },
        {
            "color": [
                0.3490196168422699,
                0.4313725531101227,
                0.21568627655506134,
                1.0
            ],
            "position": 0.6666666865348816
        },
        {
            "color": [
                0.2862745225429535,
                0.37254902720451355,
                0.32549020648002625,
                1.0
            ],
            "position": 1.0
        }
    ]
}
