{
    "label": "gradient",
    "type": 3,
    "type_string": "Color gradient",
    "value": [
        {
            "color": [
                0.2705882489681244,
                0.2823529541492462,
                0.24705882370471954,
                1.0
            ],
            "position": 0.0
        },
        {
            "color": [
                0.4470588266849518,
                0.4745098054409027,
                0.30980393290519714,
                1.0
            ],
            "position": 0.3333333432674408
        },
        {
            "color": [
                0.4745098054409027,
                0.47843137383461,
                0.4627451002597809,
                1.0
            ],
            "position": 0.6666666865348816
        },
        {
            "color": [
                0.615686297416687,
                0.6196078658103943,
                0.5764706134796143,
                1.0
            ],
            "position": 1.0
        }
    ]
}
