{
    "label": "gradient",
    "type": 3,
    "type_string": "Color gradient",
    "value": [
        {
            "color": [
                0.32156863808631897,
                0.23529411852359772,
                0.1882352977991104,
                1.0
            ],
            "position": 0.0
        },
        {
            "color": [
                0.47058823704719543,
                0.3450980484485626,
                0.2666666805744171,
                1.0
            ],
            "position": 0.3333333432674408
        },
        {
            "color": [
                0.5882353186607361,
                0.47058823704719543,
                0.3921568691730499,
                1.0
            ],
            "position": 0.6666666865348816
        },
        {
            "color": [
                0.7803921699523926,
                0.6549019813537598,
                0.5568627715110779,
                1.0
            ],
            "position": 1.0
        }
    ]
}
